{"episode_types": ["t", "t", "t", "t", "t", "t", "t", "t", "t", "t"], "episode_rewards": [-80.0, -78.0, -94.0, -109.0, -74.0, -79.0, -109.0, -97.0, -70.0, -76.0], "timestamps": [1506190625.3621242, 1506190626.829208, 1506190626.9562154, 1506190627.0252192, 1506190627.073222, 1506190627.1192245, 1506190627.1932287, 1506190627.2652328, 1506190628.4973035, 1506190628.628311], "initial_reset_timestamp": 1506190623.7810338, "episode_lengths": [81, 79, 95, 110, 75, 80, 110, 98, 71, 77]}