{"episode_types": ["t", "t", "t", "t", "t", "t", "t", "t", "t", "t", "t", "t", "t", "t", "t", "t", "t", "t", "t", "t", "t", "t", "t", "t", "t", "t", "t", "t", "t", "t", "t", "t", "t", "t", "t", "t", "t", "t", "t", "t", "t", "t", "t", "t", "t", "t", "t", "t", "t", "t", "t", "t", "t", "t", "t", "t", "t", "t", "t", "t", "t", "t", "t", "t", "t", "t", "t", "t", "t", "t", "t", "t", "t", "t", "t", "t", "t", "t", "t", "t", "t", "t", "t", "t", "t", "t", "t", "t", "t", "t", "t", "t", "t", "t", "t", "t", "t", "t", "t", "t"], "episode_lengths": [200, 200, 200, 200, 200, 200, 200, 200, 200, 200, 200, 200, 200, 200, 200, 200, 200, 200, 200, 200, 200, 200, 200, 200, 200, 200, 200, 200, 200, 200, 200, 200, 105, 200, 200, 200, 200, 200, 200, 200, 200, 200, 200, 200, 200, 200, 200, 126, 200, 200, 200, 200, 200, 200, 123, 200, 200, 200, 200, 200, 83, 200, 200, 197, 168, 200, 200, 200, 200, 200, 200, 200, 200, 200, 200, 200, 185, 200, 200, 200, 200, 200, 200, 200, 97, 200, 200, 200, 200, 200, 200, 200, 200, 200, 200, 200, 200, 200, 200, 200], "timestamps": [1510079734.116939, 1510079737.6671422, 1510079737.7461467, 1510079737.769148, 1510079737.7911491, 1510079737.8141506, 1510079737.8371518, 1510079737.8601532, 1510079741.216345, 1510079741.2993498, 1510079741.3223512, 1510079741.3453524, 1510079741.3683538, 1510079741.390355, 1510079741.4143565, 1510079741.437358, 1510079741.459359, 1510079741.4823604, 1510079741.5053618, 1510079741.528363, 1510079741.5503643, 1510079741.5733654, 1510079741.596367, 1510079741.6183681, 1510079741.6413693, 1510079741.6643708, 1510079741.6873722, 1510079745.0335636, 1510079745.114568, 1510079745.1375694, 1510079745.1605706, 1510079745.182572, 1510079745.1955726, 1510079745.217574, 1510079745.2405753, 1510079745.2635765, 1510079745.285578, 1510079745.3085792, 1510079745.3335805, 1510079745.357582, 1510079745.3815835, 1510079745.4055848, 1510079745.428586, 1510079745.4515874, 1510079745.4745886, 1510079745.49759, 1510079745.5195913, 1510079745.5345922, 1510079745.5575933, 1510079745.584595, 1510079745.6085963, 1510079745.6305976, 1510079745.6535988, 1510079745.6766002, 1510079745.6926012, 1510079745.7166026, 1510079745.7396038, 1510079745.7626052, 1510079745.7866066, 1510079745.8096077, 1510079745.8196084, 1510079745.8426096, 1510079745.864611, 1510079745.8896124, 1510079748.716774, 1510079748.7907784, 1510079748.8147798, 1510079748.837781, 1510079748.8657825, 1510079748.887784, 1510079748.9107852, 1510079748.9337864, 1510079748.955788, 1510079748.978789, 1510079749.0007904, 1510079749.0237918, 1510079749.044793, 1510079749.0697944, 1510079749.0917957, 1510079749.1147969, 1510079749.1377983, 1510079749.1597996, 1510079749.1828008, 1510079749.2058022, 1510079749.2168026, 1510079749.239804, 1510079749.2638054, 1510079749.2868066, 1510079749.308808, 1510079749.3318093, 1510079749.3548107, 1510079749.376812, 1510079749.3998132, 1510079749.433815, 1510079749.4558165, 1510079749.4788177, 1510079749.501819, 1510079749.5248203, 1510079749.5468216, 1510079749.5698228], "initial_reset_timestamp": 1510079728.7236307, "episode_rewards": [200.0, 200.0, 200.0, 200.0, 200.0, 200.0, 200.0, 200.0, 200.0, 200.0, 200.0, 200.0, 200.0, 200.0, 200.0, 200.0, 200.0, 200.0, 200.0, 200.0, 200.0, 200.0, 200.0, 200.0, 200.0, 200.0, 200.0, 200.0, 200.0, 200.0, 200.0, 200.0, 105.0, 200.0, 200.0, 200.0, 200.0, 200.0, 200.0, 200.0, 200.0, 200.0, 200.0, 200.0, 200.0, 200.0, 200.0, 126.0, 200.0, 200.0, 200.0, 200.0, 200.0, 200.0, 123.0, 200.0, 200.0, 200.0, 200.0, 200.0, 83.0, 200.0, 200.0, 197.0, 168.0, 200.0, 200.0, 200.0, 200.0, 200.0, 200.0, 200.0, 200.0, 200.0, 200.0, 200.0, 185.0, 200.0, 200.0, 200.0, 200.0, 200.0, 200.0, 200.0, 97.0, 200.0, 200.0, 200.0, 200.0, 200.0, 200.0, 200.0, 200.0, 200.0, 200.0, 200.0, 200.0, 200.0, 200.0, 200.0]}