{"episode_rewards": [200.0, 200.0, 200.0, 200.0, 57.0, 200.0, 200.0, 200.0, 200.0, 200.0, 200.0, 200.0, 200.0, 200.0, 200.0, 200.0, 200.0, 200.0, 200.0, 200.0, 200.0, 200.0, 200.0, 200.0, 200.0, 200.0, 200.0, 200.0, 12.0, 11.0, 200.0, 200.0, 200.0, 200.0, 200.0, 200.0, 200.0, 200.0, 200.0, 200.0, 200.0, 200.0, 200.0, 200.0, 200.0, 200.0, 200.0, 200.0, 200.0, 12.0, 200.0, 200.0, 200.0, 200.0, 200.0, 200.0, 200.0, 200.0, 200.0, 200.0, 200.0, 200.0, 11.0, 200.0, 200.0, 200.0, 200.0, 200.0, 200.0, 200.0, 200.0, 200.0, 200.0, 200.0, 56.0, 200.0, 200.0, 200.0, 200.0, 200.0, 200.0, 200.0, 200.0, 200.0, 200.0, 200.0, 200.0, 200.0, 200.0, 200.0, 200.0, 200.0, 200.0, 49.0, 200.0, 200.0, 200.0, 200.0, 200.0, 200.0], "episode_types": ["t", "t", "t", "t", "t", "t", "t", "t", "t", "t", "t", "t", "t", "t", "t", "t", "t", "t", "t", "t", "t", "t", "t", "t", "t", "t", "t", "t", "t", "t", "t", "t", "t", "t", "t", "t", "t", "t", "t", "t", "t", "t", "t", "t", "t", "t", "t", "t", "t", "t", "t", "t", "t", "t", "t", "t", "t", "t", "t", "t", "t", "t", "t", "t", "t", "t", "t", "t", "t", "t", "t", "t", "t", "t", "t", "t", "t", "t", "t", "t", "t", "t", "t", "t", "t", "t", "t", "t", "t", "t", "t", "t", "t", "t", "t", "t", "t", "t", "t", "t"], "timestamps": [1506021993.5894594, 1506021997.0286562, 1506021997.1336622, 1506021997.1886654, 1506021997.2046664, 1506021997.2586694, 1506021997.325673, 1506021997.3806765, 1506022000.7088666, 1506022000.817873, 1506022000.873876, 1506022000.9288793, 1506022000.9868827, 1506022001.0468862, 1506022001.1068895, 1506022001.1638927, 1506022001.2218962, 1506022001.2798994, 1506022001.3399029, 1506022001.395906, 1506022001.4529092, 1506022001.5109127, 1506022001.570916, 1506022001.6319194, 1506022001.691923, 1506022001.7579267, 1506022001.8159301, 1506022005.1651216, 1506022005.221125, 1506022005.225125, 1506022005.2821283, 1506022005.3421316, 1506022005.4031353, 1506022005.4611385, 1506022005.5171418, 1506022005.573145, 1506022005.6311483, 1506022005.6861515, 1506022005.7421546, 1506022005.7991579, 1506022005.856161, 1506022005.9131644, 1506022005.9681675, 1506022006.031171, 1506022006.0931747, 1506022006.1491778, 1506022006.2041812, 1506022006.2581842, 1506022006.3161874, 1506022006.3201878, 1506022006.376191, 1506022006.431194, 1506022006.4871972, 1506022006.5412004, 1506022006.6002038, 1506022006.657207, 1506022006.71321, 1506022006.7732136, 1506022006.8312168, 1506022006.8872201, 1506022006.9472237, 1506022007.0022266, 1506022007.0052269, 1506022007.06223, 1506022010.3914206, 1506022010.4964266, 1506022010.5534298, 1506022010.6134331, 1506022010.6694365, 1506022010.7254398, 1506022010.7794428, 1506022010.8374462, 1506022010.8924491, 1506022010.9494524, 1506022010.9654534, 1506022011.0204566, 1506022011.0784597, 1506022011.135463, 1506022011.1914663, 1506022011.2464695, 1506022011.3014727, 1506022011.3594759, 1506022011.413479, 1506022011.4694822, 1506022011.5244853, 1506022011.5804887, 1506022011.6384919, 1506022011.693495, 1506022011.7534986, 1506022011.8095016, 1506022011.866505, 1506022011.9235082, 1506022011.9775114, 1506022011.990512, 1506022012.0455153, 1506022012.1045184, 1506022012.161522, 1506022012.217525, 1506022012.271528, 1506022012.3275313], "episode_lengths": [200, 200, 200, 200, 57, 200, 200, 200, 200, 200, 200, 200, 200, 200, 200, 200, 200, 200, 200, 200, 200, 200, 200, 200, 200, 200, 200, 200, 12, 11, 200, 200, 200, 200, 200, 200, 200, 200, 200, 200, 200, 200, 200, 200, 200, 200, 200, 200, 200, 12, 200, 200, 200, 200, 200, 200, 200, 200, 200, 200, 200, 200, 11, 200, 200, 200, 200, 200, 200, 200, 200, 200, 200, 200, 56, 200, 200, 200, 200, 200, 200, 200, 200, 200, 200, 200, 200, 200, 200, 200, 200, 200, 200, 49, 200, 200, 200, 200, 200, 200], "initial_reset_timestamp": 1506021989.998254}