{"episode_rewards": [77.0, 102.0, 103.0, 75.0, 106.0, 118.0, 211.0, 196.0, 205.0, 244.0, 281.0, 17.0, 645.0, 579.0, 335.0, 339.0, 15.0, 43.0, 303.0, 368.0, 10.0, 15.0, 54.0], "episode_types": ["t", "t", "t", "t", "t", "t", "t", "t", "t", "t", "t", "t", "t", "t", "t", "t", "t", "t", "t", "t", "t", "t", "t", "t"], "timestamps": [1506020353.3086407, 1506020355.057741, 1506020355.1397457, 1506020355.1597466, 1506020355.1897483, 1506020355.2217503, 1506020355.2777536, 1506020355.3307564, 1506020358.7409515, 1506020358.8609583, 1506020358.938963, 1506020358.9429631, 1506020359.1169732, 1506020359.2759821, 1506020359.3669875, 1506020359.4579926, 1506020359.4619927, 1506020359.4739935, 1506020359.5549982, 1506020359.6540039, 1506020359.656004, 1506020359.6600041, 1506020359.675005], "episode_lengths": [77, 102, 103, 75, 106, 118, 211, 196, 205, 244, 281, 17, 645, 579, 335, 339, 15, 43, 303, 368, 10, 15, 54], "initial_reset_timestamp": 1506020351.8405569}