{"episode_lengths": [112, 110, 144, 143, 109, 149, 108, 135, 145, 110, 109, 145, 107, 143, 140, 108, 149, 110, 147, 112, 111, 143, 108, 143, 108, 140, 108, 146, 144, 110, 144, 137, 108, 143, 143, 110, 145, 109, 145, 144, 112, 108, 144, 107, 110, 110, 108, 109, 144, 141, 110, 137, 111, 110, 147, 110, 148, 147, 109, 138, 110, 141, 109, 107, 110, 138, 110, 146, 141, 148, 111, 111, 109, 142, 150, 139, 142, 109, 148, 109, 111, 144, 144, 111, 112, 110, 148, 109, 110, 111, 111, 108, 111, 107, 109, 112, 144, 109, 111, 111], "episode_rewards": [-112.0, -110.0, -144.0, -143.0, -109.0, -149.0, -108.0, -135.0, -145.0, -110.0, -109.0, -145.0, -107.0, -143.0, -140.0, -108.0, -149.0, -110.0, -147.0, -112.0, -111.0, -143.0, -108.0, -143.0, -108.0, -140.0, -108.0, -146.0, -144.0, -110.0, -144.0, -137.0, -108.0, -143.0, -143.0, -110.0, -145.0, -109.0, -145.0, -144.0, -112.0, -108.0, -144.0, -107.0, -110.0, -110.0, -108.0, -109.0, -144.0, -141.0, -110.0, -137.0, -111.0, -110.0, -147.0, -110.0, -148.0, -147.0, -109.0, -138.0, -110.0, -141.0, -109.0, -107.0, -110.0, -138.0, -110.0, -146.0, -141.0, -148.0, -111.0, -111.0, -109.0, -142.0, -150.0, -139.0, -142.0, -109.0, -148.0, -109.0, -111.0, -144.0, -144.0, -111.0, -112.0, -110.0, -148.0, -109.0, -110.0, -111.0, -111.0, -108.0, -111.0, -107.0, -109.0, -112.0, -144.0, -109.0, -111.0, -111.0], "timestamps": [1505159752.8999107, 1505159754.7830184, 1505159754.8570228, 1505159754.8770237, 1505159754.8910246, 1505159754.9120257, 1505159754.9270267, 1505159754.9450276, 1505159757.366166, 1505159757.4381702, 1505159757.4531713, 1505159757.4731722, 1505159757.4881732, 1505159757.5081742, 1505159757.5271754, 1505159757.5421762, 1505159757.5631776, 1505159757.5781784, 1505159757.5981796, 1505159757.6141803, 1505159757.6301813, 1505159757.6491823, 1505159757.6641831, 1505159757.6831844, 1505159757.697185, 1505159757.7171862, 1505159757.7331872, 1505159760.174327, 1505159760.2503312, 1505159760.265332, 1505159760.2853332, 1505159760.3043342, 1505159760.318335, 1505159760.3383362, 1505159760.3583374, 1505159760.372338, 1505159760.3923392, 1505159760.40734, 1505159760.4263413, 1505159760.4463425, 1505159760.4613433, 1505159760.476344, 1505159760.4963453, 1505159760.510346, 1505159760.525347, 1505159760.5413477, 1505159760.5553486, 1505159760.5703495, 1505159760.5893505, 1505159760.6083517, 1505159760.6223524, 1505159760.6413536, 1505159760.6563544, 1505159760.6713552, 1505159760.6913564, 1505159760.7063572, 1505159760.7273583, 1505159760.7473595, 1505159760.7623603, 1505159760.7813616, 1505159760.7963624, 1505159760.8153634, 1505159760.8293643, 1505159760.8443651, 1505159762.6904707, 1505159762.7664752, 1505159762.7814758, 1505159762.8014772, 1505159762.8204782, 1505159762.8394792, 1505159762.8554802, 1505159762.870481, 1505159762.884482, 1505159762.903483, 1505159762.923484, 1505159762.9444852, 1505159762.9644864, 1505159762.9794874, 1505159762.9994884, 1505159763.0154893, 1505159763.03149, 1505159763.0504913, 1505159763.0694923, 1505159763.0854933, 1505159763.1004941, 1505159763.115495, 1505159763.1354961, 1505159763.150497, 1505159763.165498, 1505159763.1804988, 1505159763.1954997, 1505159763.2095003, 1505159763.2255013, 1505159763.2395022, 1505159763.254503, 1505159763.270504, 1505159763.289505, 1505159763.3045058, 1505159763.3195066, 1505159763.3345077], "initial_reset_timestamp": 1505159750.8267922, "episode_types": ["t", "t", "t", "t", "t", "t", "t", "t", "t", "t", "t", "t", "t", "t", "t", "t", "t", "t", "t", "t", "t", "t", "t", "t", "t", "t", "t", "t", "t", "t", "t", "t", "t", "t", "t", "t", "t", "t", "t", "t", "t", "t", "t", "t", "t", "t", "t", "t", "t", "t", "t", "t", "t", "t", "t", "t", "t", "t", "t", "t", "t", "t", "t", "t", "t", "t", "t", "t", "t", "t", "t", "t", "t", "t", "t", "t", "t", "t", "t", "t", "t", "t", "t", "t", "t", "t", "t", "t", "t", "t", "t", "t", "t", "t", "t", "t", "t", "t", "t", "t"]}