{"episode_rewards": [200.0, 200.0, 200.0, 200.0, 200.0, 200.0, 200.0, 200.0, 200.0, 200.0, 200.0, 200.0, 200.0, 200.0, 200.0, 200.0, 200.0, 200.0, 200.0, 200.0, 200.0, 200.0, 200.0, 200.0, 200.0, 200.0, 200.0, 200.0, 200.0, 200.0, 200.0, 200.0, 200.0, 200.0, 200.0, 200.0, 200.0, 200.0, 200.0, 200.0, 200.0, 200.0, 200.0, 200.0, 200.0, 200.0, 200.0, 200.0, 200.0, 200.0, 200.0, 200.0, 200.0, 200.0, 200.0, 200.0, 200.0, 200.0, 200.0, 200.0, 200.0, 200.0, 200.0, 200.0, 200.0, 200.0, 200.0, 200.0, 200.0, 200.0, 200.0, 200.0, 200.0, 200.0, 200.0, 200.0, 200.0, 200.0, 200.0, 200.0, 200.0, 200.0, 200.0, 200.0, 200.0, 200.0, 200.0, 200.0, 200.0, 200.0, 200.0, 200.0, 200.0, 200.0, 200.0, 200.0, 200.0, 200.0, 200.0, 200.0], "episode_types": ["t", "t", "t", "t", "t", "t", "t", "t", "t", "t", "t", "t", "t", "t", "t", "t", "t", "t", "t", "t", "t", "t", "t", "t", "t", "t", "t", "t", "t", "t", "t", "t", "t", "t", "t", "t", "t", "t", "t", "t", "t", "t", "t", "t", "t", "t", "t", "t", "t", "t", "t", "t", "t", "t", "t", "t", "t", "t", "t", "t", "t", "t", "t", "t", "t", "t", "t", "t", "t", "t", "t", "t", "t", "t", "t", "t", "t", "t", "t", "t", "t", "t", "t", "t", "t", "t", "t", "t", "t", "t", "t", "t", "t", "t", "t", "t", "t", "t", "t", "t"], "initial_reset_timestamp": 1505066099.9021997, "timestamps": [1505066103.6614149, 1505066107.060609, 1505066107.141614, 1505066107.165615, 1505066107.1886165, 1505066107.2126179, 1505066107.2376194, 1505066107.2616208, 1505066110.6118124, 1505066110.6838164, 1505066110.7078178, 1505066110.7318192, 1505066110.7558205, 1505066110.779822, 1505066110.8038232, 1505066110.8278246, 1505066110.8518262, 1505066110.8758276, 1505066110.8988287, 1505066110.92283, 1505066110.9468315, 1505066110.9708328, 1505066110.9958344, 1505066111.0198357, 1505066111.043837, 1505066111.0678384, 1505066111.0918398, 1505066114.4280305, 1505066114.502035, 1505066114.5260363, 1505066114.5510378, 1505066114.575039, 1505066114.6000404, 1505066114.6240418, 1505066114.6480432, 1505066114.6710446, 1505066114.695046, 1505066114.7190473, 1505066114.7430487, 1505066114.76705, 1505066114.7910514, 1505066114.8150527, 1505066114.839054, 1505066114.8630555, 1505066114.8870568, 1505066114.9110582, 1505066114.9350595, 1505066114.959061, 1505066114.9840624, 1505066115.009064, 1505066115.0320652, 1505066115.0570667, 1505066115.0800679, 1505066115.1060693, 1505066115.1300707, 1505066115.1560724, 1505066115.1800735, 1505066115.205075, 1505066115.2300766, 1505066115.256078, 1505066115.2800794, 1505066115.305081, 1505066115.3290823, 1505066115.3530836, 1505066118.6942747, 1505066118.7772794, 1505066118.802281, 1505066118.8262823, 1505066118.8502836, 1505066118.875285, 1505066118.8982863, 1505066118.9222877, 1505066118.946289, 1505066118.9702904, 1505066118.9942918, 1505066119.0172932, 1505066119.0412946, 1505066119.0662959, 1505066119.0902972, 1505066119.1152987, 1505066119.1393, 1505066119.1633015, 1505066119.1873028, 1505066119.2113042, 1505066119.2363057, 1505066119.260307, 1505066119.2843084, 1505066119.3073096, 1505066119.331311, 1505066119.3563125, 1505066119.3803139, 1505066119.4053154, 1505066119.4293168, 1505066119.453318, 1505066119.4763193, 1505066119.5003207, 1505066119.524322, 1505066119.5503235, 1505066119.574325, 1505066119.5973263], "episode_lengths": [200, 200, 200, 200, 200, 200, 200, 200, 200, 200, 200, 200, 200, 200, 200, 200, 200, 200, 200, 200, 200, 200, 200, 200, 200, 200, 200, 200, 200, 200, 200, 200, 200, 200, 200, 200, 200, 200, 200, 200, 200, 200, 200, 200, 200, 200, 200, 200, 200, 200, 200, 200, 200, 200, 200, 200, 200, 200, 200, 200, 200, 200, 200, 200, 200, 200, 200, 200, 200, 200, 200, 200, 200, 200, 200, 200, 200, 200, 200, 200, 200, 200, 200, 200, 200, 200, 200, 200, 200, 200, 200, 200, 200, 200, 200, 200, 200, 200, 200, 200]}