{"timestamps": [1505055004.6556842, 1505055005.5368276, 1505055005.7223446, 1505055005.7258596, 1505055005.7292285, 1505055005.7321901, 1505055005.735955, 1505055005.7394693, 1505055006.9953225, 1505055007.1458766, 1505055007.148687, 1505055007.1518524, 1505055007.1543949, 1505055007.1569498, 1505055007.1609838, 1505055007.1646495, 1505055007.166526, 1505055007.1690903, 1505055007.171244, 1505055007.1753454, 1505055007.1778738, 1505055007.1803617, 1505055007.184004, 1505055007.1864865, 1505055007.1888883, 1505055007.192004, 1505055007.1938798, 1505055007.9351435, 1505055008.1164596, 1505055008.1193964, 1505055008.1214576, 1505055008.124714, 1505055008.126598, 1505055008.1296635, 1505055008.1325533, 1505055008.1346915, 1505055008.1374917, 1505055008.141021, 1505055008.143714, 1505055008.1466975, 1505055008.1502802, 1505055008.153147, 1505055008.1570685, 1505055008.1616733, 1505055008.1645052, 1505055008.1703293, 1505055008.181224, 1505055008.1838977, 1505055008.1862776, 1505055008.1893697, 1505055008.1931198, 1505055008.1963322, 1505055008.1985595, 1505055008.2043645, 1505055008.206326, 1505055008.2099173, 1505055008.212961, 1505055008.2158527, 1505055008.2177484, 1505055008.2200625, 1505055008.2220523, 1505055008.2247953, 1505055008.228107, 1505055008.2320185, 1505055008.9591565, 1505055009.1426308, 1505055009.1453156, 1505055009.1538038, 1505055009.156325, 1505055009.1583455, 1505055009.1617544, 1505055009.1651247, 1505055009.1685643, 1505055009.1711614, 1505055009.1733983, 1505055009.1768315, 1505055009.1801128, 1505055009.1822379, 1505055009.1855972, 1505055009.1886353, 1505055009.1915095, 1505055009.193926, 1505055009.196534, 1505055009.2003446, 1505055009.2041688, 1505055009.2064989, 1505055009.2103958, 1505055009.2143562, 1505055009.2185059, 1505055009.221334, 1505055009.2260206, 1505055009.229126, 1505055009.2327683, 1505055009.2360659, 1505055009.2381551, 1505055009.2406554, 1505055009.2431118, 1505055009.245431, 1505055009.2487845, 1505055009.2513244], "episode_rewards": [10.0, 11.0, 12.0, 10.0, 13.0, 11.0, 12.0, 14.0, 16.0, 11.0, 11.0, 12.0, 11.0, 9.0, 17.0, 17.0, 9.0, 10.0, 8.0, 14.0, 12.0, 10.0, 10.0, 9.0, 9.0, 12.0, 8.0, 10.0, 12.0, 12.0, 8.0, 9.0, 8.0, 10.0, 11.0, 9.0, 10.0, 12.0, 10.0, 13.0, 10.0, 10.0, 10.0, 18.0, 9.0, 10.0, 9.0, 11.0, 10.0, 11.0, 12.0, 13.0, 10.0, 14.0, 8.0, 13.0, 11.0, 12.0, 9.0, 8.0, 9.0, 10.0, 12.0, 15.0, 8.0, 10.0, 8.0, 26.0, 10.0, 9.0, 12.0, 12.0, 11.0, 10.0, 10.0, 11.0, 11.0, 10.0, 13.0, 10.0, 9.0, 10.0, 9.0, 9.0, 12.0, 11.0, 10.0, 11.0, 10.0, 10.0, 19.0, 11.0, 11.0, 10.0, 11.0, 9.0, 9.0, 10.0, 10.0, 10.0], "initial_reset_timestamp": 1505055001.6211758, "episode_types": ["t", "t", "t", "t", "t", "t", "t", "t", "t", "t", "t", "t", "t", "t", "t", "t", "t", "t", "t", "t", "t", "t", "t", "t", "t", "t", "t", "t", "t", "t", "t", "t", "t", "t", "t", "t", "t", "t", "t", "t", "t", "t", "t", "t", "t", "t", "t", "t", "t", "t", "t", "t", "t", "t", "t", "t", "t", "t", "t", "t", "t", "t", "t", "t", "t", "t", "t", "t", "t", "t", "t", "t", "t", "t", "t", "t", "t", "t", "t", "t", "t", "t", "t", "t", "t", "t", "t", "t", "t", "t", "t", "t", "t", "t", "t", "t", "t", "t", "t", "t"], "episode_lengths": [10, 11, 12, 10, 13, 11, 12, 14, 16, 11, 11, 12, 11, 9, 17, 17, 9, 10, 8, 14, 12, 10, 10, 9, 9, 12, 8, 10, 12, 12, 8, 9, 8, 10, 11, 9, 10, 12, 10, 13, 10, 10, 10, 18, 9, 10, 9, 11, 10, 11, 12, 13, 10, 14, 8, 13, 11, 12, 9, 8, 9, 10, 12, 15, 8, 10, 8, 26, 10, 9, 12, 12, 11, 10, 10, 11, 11, 10, 13, 10, 9, 10, 9, 9, 12, 11, 10, 11, 10, 10, 19, 11, 11, 10, 11, 9, 9, 10, 10, 10]}